date,weekday,touch,touch_time,touch_timeframe,snap_back,tmo
2021-05-03,Monday,True,2021-05-03 09:00:00-04:00,1H,True,13876.75
2021-05-04,Tuesday,False,,,False,13740.75
2021-05-05,Wednesday,True,2021-05-05 10:00:00-04:00,1H,True,13574.5
2021-05-06,Thursday,True,2021-05-06 09:00:00-04:00,1H,True,13473.25
2021-05-07,Friday,False,,,False,13631.0
2021-05-10,Monday,False,,,False,13725.75
2021-05-11,Tuesday,True,2021-05-11 09:00:00-04:00,1H,True,13232.75
2021-05-12,Wednesday,True,2021-05-12 09:00:00-04:00,1H,False,13233.75
2021-05-13,Thursday,True,2021-05-13 11:00:00-04:00,1H,False,13051.0
2021-05-14,Friday,False,,,False,13180.25
2021-05-17,Monday,True,2021-05-17 09:00:00-04:00,1H,False,13350.75
2021-05-18,Tuesday,True,2021-05-18 09:00:00-04:00,1H,True,13353.25
2021-05-19,Wednesday,True,2021-05-19 12:00:00-04:00,1H,False,13164.75
2021-05-20,Thursday,False,,,False,13213.25
2021-05-21,Friday,True,2021-05-21 09:00:00-04:00,1H,True,13501.75
2021-05-24,Monday,False,,,False,13420.25
2021-05-25,Tuesday,True,2021-05-25 09:00:00-04:00,1H,True,13669.0
2021-05-26,Wednesday,True,2021-05-26 09:00:00-04:00,1H,True,13705.25
2021-05-27,Thursday,True,2021-05-27 09:00:00-04:00,1H,True,13678.0
2021-05-28,Friday,True,2021-05-28 09:00:00-04:00,1H,True,13700.25
2021-05-31,Monday,False,,,False,13697.25
2021-06-01,Tuesday,True,2021-06-01 10:00:00-04:00,1H,False,13687.75
2021-06-02,Wednesday,True,2021-06-02 09:00:00-04:00,1H,False,13643.25
2021-06-03,Thursday,False,,,False,13688.0
2021-06-04,Friday,False,,,False,13529.5
2021-06-07,Monday,True,2021-06-07 09:00:00-04:00,1H,True,13746.75
2021-06-08,Tuesday,True,2021-06-08 09:00:00-04:00,1H,True,13834.25
2021-06-09,Wednesday,True,2021-06-09 10:00:00-04:00,1H,True,13821.0
2021-06-10,Thursday,True,2021-06-10 09:00:00-04:00,1H,False,13833.75
2021-06-11,Friday,True,2021-06-11 09:00:00-04:00,1H,True,13976.75
2021-06-14,Monday,True,2021-06-14 09:00:00-04:00,1H,True,14019.0
2021-06-15,Tuesday,False,,,False,14135.0
2021-06-16,Wednesday,True,2021-06-16 09:00:00-04:00,1H,True,14036.0
2021-06-17,Thursday,True,2021-06-17 09:00:00-04:00,1H,False,13903.25
2021-06-18,Friday,False,,,False,14191.0
2021-06-21,Monday,True,2021-06-21 09:00:00-04:00,1H,False,14002.25
2021-06-22,Tuesday,True,2021-06-22 09:00:00-04:00,1H,True,14137.5
2021-06-23,Wednesday,True,2021-06-23 09:00:00-04:00,1H,True,14292.75
2021-06-24,Thursday,False,,,False,14304.75
2021-06-25,Friday,True,2021-06-25 09:00:00-04:00,1H,True,14373.75
2021-06-28,Monday,False,,,False,14351.0
2021-06-29,Tuesday,True,2021-06-29 09:00:00-04:00,1H,False,14481.0
2021-06-30,Wednesday,True,2021-06-30 09:00:00-04:00,1H,True,14580.5
2021-07-01,Thursday,True,2021-07-01 09:00:00-04:00,1H,False,14559.0
2021-07-02,Friday,False,,,False,14524.0
2021-07-05,Monday,True,2021-07-05 09:00:00-04:00,1H,False,14703.0
2021-07-06,Tuesday,True,2021-07-06 12:00:00-04:00,1H,False,14685.25
2021-07-07,Wednesday,True,2021-07-07 10:00:00-04:00,1H,True,14789.0
2021-07-08,Thursday,False,,,False,14786.0
2021-07-09,Friday,True,2021-07-09 09:00:00-04:00,1H,False,14675.5
2021-07-12,Monday,True,2021-07-12 10:00:00-04:00,1H,False,14798.0
2021-07-13,Tuesday,True,2021-07-13 09:00:00-04:00,1H,False,14881.5
2021-07-14,Wednesday,True,2021-07-14 11:00:00-04:00,1H,False,14874.5
2021-07-15,Thursday,True,2021-07-15 09:00:00-04:00,1H,False,14912.5
2021-07-16,Friday,True,2021-07-16 10:00:00-04:00,1H,True,14775.25
2021-07-19,Monday,False,,,False,14647.0
2021-07-20,Tuesday,True,2021-07-20 09:00:00-04:00,1H,True,14595.25
2021-07-21,Wednesday,True,2021-07-21 09:00:00-04:00,1H,False,14699.5
2021-07-22,Thursday,True,2021-07-22 09:00:00-04:00,1H,False,14841.75
2021-07-23,Friday,True,2021-07-23 09:00:00-04:00,1H,False,14972.5
2021-07-26,Monday,True,2021-07-26 09:00:00-04:00,1H,True,15085.0
2021-07-27,Tuesday,True,2021-07-27 09:00:00-04:00,1H,False,15098.75
2021-07-28,Wednesday,True,2021-07-28 09:00:00-04:00,1H,False,14923.25
2021-07-29,Thursday,False,,,False,14964.75
2021-07-30,Friday,True,2021-07-30 09:00:00-04:00,1H,False,14843.25
2021-08-02,Monday,True,2021-08-02 09:00:00-04:00,1H,True,15027.75
2021-08-03,Tuesday,True,2021-08-03 09:00:00-04:00,1H,True,14965.75
2021-08-04,Wednesday,True,2021-08-04 09:00:00-04:00,1H,True,15042.5
2021-08-05,Thursday,True,2021-08-05 09:00:00-04:00,1H,False,15088.75
2021-08-06,Friday,False,,,False,15168.25
2021-08-09,Monday,False,,,False,15044.5
2021-08-10,Tuesday,True,2021-08-10 10:00:00-04:00,1H,False,15105.25
2021-08-11,Wednesday,True,2021-08-11 09:00:00-04:00,1H,True,15041.25
2021-08-12,Thursday,True,2021-08-12 09:00:00-04:00,1H,True,15009.5
2021-08-13,Friday,True,2021-08-13 09:00:00-04:00,1H,False,15071.75
2021-08-16,Monday,True,2021-08-16 09:00:00-04:00,1H,False,15107.5
2021-08-17,Tuesday,False,,,False,15110.25
2021-08-18,Wednesday,True,2021-08-18 09:00:00-04:00,1H,True,15013.25
2021-08-19,Thursday,True,2021-08-19 10:00:00-04:00,1H,False,14847.5
2021-08-20,Friday,False,,,False,14922.5
2021-08-23,Monday,True,2021-08-23 09:00:00-04:00,1H,False,15146.25
2021-08-24,Tuesday,True,2021-08-24 09:00:00-04:00,1H,True,15324.0
2021-08-25,Wednesday,True,2021-08-25 10:00:00-04:00,1H,True,15349.75
2021-08-26,Thursday,True,2021-08-26 09:00:00-04:00,1H,True,15326.25
2021-08-27,Friday,True,2021-08-27 09:00:00-04:00,1H,True,15322.25
2021-08-30,Monday,True,2021-08-30 09:00:00-04:00,1H,False,15440.25
2021-08-31,Tuesday,True,2021-08-31 09:00:00-04:00,1H,False,15609.75
2021-09-01,Wednesday,True,2021-09-01 09:00:00-04:00,1H,False,15611.5
2021-09-02,Thursday,True,2021-09-02 10:00:00-04:00,1H,True,15612.0
2021-09-03,Friday,True,2021-09-03 09:00:00-04:00,1H,True,15620.75
2021-09-06,Monday,False,,,False,15660.75
2021-09-07,Tuesday,True,2021-09-07 09:00:00-04:00,1H,True,15677.0
2021-09-08,Wednesday,True,2021-09-08 09:00:00-04:00,1H,False,15677.0
2021-09-09,Thursday,False,,,False,15584.75
2021-09-10,Friday,True,2021-09-10 10:00:00-04:00,1H,True,15581.75
2021-09-13,Monday,True,2021-09-13 09:00:00-04:00,1H,True,15449.75
2021-09-14,Tuesday,True,2021-09-14 09:00:00-04:00,1H,True,15453.0
2021-09-15,Wednesday,True,2021-09-15 09:00:00-04:00,1H,False,15399.5
2021-09-16,Thursday,True,2021-09-16 09:00:00-04:00,1H,False,15481.25
2021-09-17,Friday,True,2021-09-17 09:00:00-04:00,1H,False,15512.5
2021-09-20,Monday,False,,,False,15239.0
2021-09-21,Tuesday,True,2021-09-21 09:00:00-04:00,1H,True,15082.5
2021-09-22,Wednesday,True,2021-09-22 09:00:00-04:00,1H,False,15025.0
2021-09-23,Thursday,True,2021-09-23 09:00:00-04:00,1H,False,15184.25
2021-09-24,Friday,True,2021-09-24 12:00:00-04:00,1H,False,15294.5
2021-09-27,Monday,False,,,False,15368.75
2021-09-28,Tuesday,False,,,False,15148.75
2021-09-29,Wednesday,True,2021-09-29 09:00:00-04:00,1H,True,14838.25
2021-09-30,Thursday,True,2021-09-30 09:00:00-04:00,1H,True,14836.25
2021-10-01,Friday,True,2021-10-01 09:00:00-04:00,1H,True,14602.0
2021-10-04,Monday,True,2021-10-04 09:00:00-04:00,1H,False,14701.25
2021-10-05,Tuesday,True,2021-10-05 09:00:00-04:00,1H,False,14515.5
2021-10-06,Wednesday,True,2021-10-06 09:00:00-04:00,1H,True,14590.5
2021-10-07,Thursday,True,2021-10-07 09:00:00-04:00,1H,False,14864.0
2021-10-08,Friday,True,2021-10-08 09:00:00-04:00,1H,True,14887.25
2021-10-11,Monday,True,2021-10-11 09:00:00-04:00,1H,False,14749.75
2021-10-12,Tuesday,False,,,False,14620.25
2021-10-13,Wednesday,False,,,False,14619.0
2021-10-14,Thursday,False,,,False,14821.75
2021-10-15,Friday,True,2021-10-15 09:00:00-04:00,1H,True,15085.5
2021-10-18,Monday,True,2021-10-18 09:00:00-04:00,1H,False,15092.25
2021-10-19,Tuesday,True,2021-10-19 09:00:00-04:00,1H,False,15292.5
2021-10-20,Wednesday,True,2021-10-20 09:00:00-04:00,1H,True,15387.25
2021-10-21,Thursday,True,2021-10-21 09:00:00-04:00,1H,False,15336.75
2021-10-22,Friday,True,2021-10-22 09:00:00-04:00,1H,True,15408.25
2021-10-25,Monday,True,2021-10-25 09:00:00-04:00,1H,False,15353.0
2021-10-26,Tuesday,True,2021-10-26 12:00:00-04:00,1H,False,15567.25
2021-10-27,Wednesday,False,,,False,15537.75
2021-10-28,Thursday,False,,,False,15615.25
2021-10-29,Friday,True,2021-10-29 09:00:00-04:00,1H,False,15669.75
2021-11-01,Monday,True,2021-11-01 09:00:00-04:00,1H,False,15871.75
2021-11-02,Tuesday,True,2021-11-02 09:00:00-04:00,1H,False,15863.75
2021-11-03,Wednesday,True,2021-11-03 09:00:00-04:00,1H,True,15958.5
2021-11-04,Thursday,True,2021-11-04 09:00:00-04:00,1H,False,16157.0
2021-11-05,Friday,False,,,False,16335.0
2021-11-08,Monday,False,,,False,16287.0
2021-11-09,Tuesday,True,2021-11-09 09:00:00-05:00,1H,False,16300.25
2021-11-10,Wednesday,True,2021-11-10 09:00:00-05:00,1H,True,16158.0
2021-11-11,Thursday,False,,,False,15998.75
2021-11-12,Friday,True,2021-11-12 09:00:00-05:00,1H,True,16055.0
2021-11-15,Monday,True,2021-11-15 09:00:00-05:00,1H,True,16214.5
2021-11-16,Tuesday,True,2021-11-16 09:00:00-05:00,1H,False,16190.5
2021-11-17,Wednesday,True,2021-11-17 09:00:00-05:00,1H,True,16293.75
2021-11-18,Thursday,True,2021-11-18 09:00:00-05:00,1H,True,16347.0
2021-11-19,Friday,True,2021-11-19 09:00:00-05:00,1H,True,16571.0
2021-11-22,Monday,True,2021-11-22 11:00:00-05:00,1H,False,16611.5
2021-11-23,Tuesday,True,2021-11-23 09:00:00-05:00,1H,True,16359.5
2021-11-24,Wednesday,True,2021-11-24 10:00:00-05:00,1H,True,16276.75
2021-11-25,Thursday,True,2021-11-25 09:00:00-05:00,1H,True,16393.25
2021-11-26,Friday,True,2021-11-26 09:00:00-05:00,1H,False,16287.25
2021-11-29,Monday,True,2021-11-29 09:00:00-05:00,1H,False,16222.25
2021-11-30,Tuesday,True,2021-11-30 09:00:00-05:00,1H,True,16403.0
2021-12-01,Wednesday,True,2021-12-01 09:00:00-05:00,1H,True,16371.25
2021-12-02,Thursday,True,2021-12-02 09:00:00-05:00,1H,True,15946.75
2021-12-03,Friday,True,2021-12-03 09:00:00-05:00,1H,False,15971.25
2021-12-06,Monday,True,2021-12-06 09:00:00-05:00,1H,True,15736.25
2021-12-07,Tuesday,False,,,False,15889.0
2021-12-08,Wednesday,False,,,False,16395.75
2021-12-09,Thursday,True,2021-12-09 09:00:00-05:00,1H,False,16360.5
2021-12-10,Friday,True,2021-12-10 10:00:00-05:00,1H,True,16161.25
2021-12-13,Monday,True,2021-12-13 09:00:00-05:00,1H,False,16391.0
2021-12-14,Tuesday,False,,,False,16100.5
2021-12-15,Wednesday,True,2021-12-15 09:00:00-05:00,1H,False,15928.5
2021-12-16,Thursday,True,2021-12-16 09:00:00-05:00,1H,False,16328.25
2021-12-17,Friday,True,2021-12-17 09:00:00-05:00,1H,True,15833.25
2021-12-20,Monday,True,2021-12-20 09:00:00-05:00,1H,True,15629.75
2021-12-21,Tuesday,True,2021-12-21 09:00:00-05:00,1H,True,15766.5
2021-12-22,Wednesday,True,2021-12-22 09:00:00-05:00,1H,False,15935.0
2021-12-23,Thursday,True,2021-12-23 09:00:00-05:00,1H,False,16173.25
2021-12-27,Monday,True,2021-12-27 09:00:00-05:00,1H,False,16335.25
2021-12-28,Tuesday,True,2021-12-28 09:00:00-05:00,1H,True,16551.0
2021-12-29,Wednesday,True,2021-12-29 09:00:00-05:00,1H,False,16542.25
2021-12-30,Thursday,True,2021-12-30 09:00:00-05:00,1H,False,16486.0
2021-12-31,Friday,True,2021-12-31 09:00:00-05:00,1H,True,16408.5
2022-01-03,Monday,True,2022-01-03 09:00:00-05:00,1H,True,16410.5
2022-01-04,Tuesday,True,2022-01-04 09:00:00-05:00,1H,False,16523.75
2022-01-05,Wednesday,True,2022-01-05 09:00:00-05:00,1H,True,16204.75
2022-01-06,Thursday,True,2022-01-06 10:00:00-05:00,1H,False,15641.25
2022-01-07,Friday,True,2022-01-07 09:00:00-05:00,1H,False,15788.0
2022-01-10,Monday,False,,,False,15641.25
2022-01-11,Tuesday,True,2022-01-11 09:00:00-05:00,1H,True,15598.0
2022-01-12,Wednesday,True,2022-01-12 10:00:00-05:00,1H,True,15833.25
2022-01-13,Thursday,True,2022-01-13 10:00:00-05:00,1H,False,15848.0
2022-01-14,Friday,True,2022-01-14 09:00:00-05:00,1H,True,15493.0
2022-01-17,Monday,False,,,False,15530.25
2022-01-18,Tuesday,False,,,False,15451.5
2022-01-19,Wednesday,False,,,False,15065.5
2022-01-20,Thursday,False,,,False,15114.0
2022-01-21,Friday,True,2022-01-21 09:00:00-05:00,1H,True,14643.25
2022-01-24,Monday,False,,,False,14536.75
2022-01-25,Tuesday,True,2022-01-25 09:00:00-05:00,1H,True,14230.0
2022-01-26,Wednesday,False,,,False,14231.0
2022-01-27,Thursday,False,,,False,13932.0
2022-01-28,Friday,True,2022-01-28 09:00:00-05:00,1H,True,14096.25
2022-01-31,Monday,True,2022-01-31 09:00:00-05:00,1H,False,14481.5
2022-02-01,Tuesday,True,2022-02-01 09:00:00-05:00,1H,True,14869.75
2022-02-02,Wednesday,True,2022-02-02 09:00:00-05:00,1H,True,15144.75
2022-02-03,Thursday,True,2022-02-03 09:00:00-05:00,1H,True,14785.75
2022-02-04,Friday,False,,,False,14778.0
2022-02-07,Monday,True,2022-02-07 09:00:00-05:00,1H,True,14698.5
2022-02-08,Tuesday,True,2022-02-08 09:00:00-05:00,1H,True,14576.75
2022-02-09,Wednesday,False,,,False,14811.5
2022-02-10,Thursday,True,2022-02-10 10:00:00-05:00,1H,False,14995.0
2022-02-11,Friday,True,2022-02-11 10:00:00-05:00,1H,True,14586.0
2022-02-14,Monday,True,2022-02-14 09:00:00-05:00,1H,True,14275.0
2022-02-15,Tuesday,False,,,False,14285.75
2022-02-16,Wednesday,False,,,False,14565.5
2022-02-17,Thursday,True,2022-02-17 09:00:00-05:00,1H,False,14487.0
2022-02-18,Friday,False,,,False,14272.5
2022-02-21,Monday,False,,,False,14057.75
2022-02-22,Tuesday,False,,,False,13690.0
2022-02-23,Wednesday,True,2022-02-23 09:00:00-05:00,1H,False,13973.0
2022-02-24,Thursday,True,2022-02-24 09:00:00-05:00,1H,False,13194.75
2022-02-25,Friday,True,2022-02-25 09:00:00-05:00,1H,True,13871.0
2022-02-28,Monday,False,,,False,13810.0
2022-03-01,Tuesday,True,2022-03-01 09:00:00-05:00,1H,True,14222.0
2022-03-02,Wednesday,True,2022-03-02 09:00:00-05:00,1H,True,14068.0
2022-03-03,Thursday,True,2022-03-03 10:00:00-05:00,1H,True,14219.75
2022-03-04,Friday,True,2022-03-04 09:00:00-05:00,1H,True,13914.75
2022-03-07,Monday,True,2022-03-07 10:00:00-05:00,1H,True,13616.75
2022-03-08,Tuesday,True,2022-03-08 09:00:00-05:00,1H,True,13275.0
2022-03-09,Wednesday,False,,,False,13328.0
2022-03-10,Thursday,False,,,False,13683.75
2022-03-11,Friday,True,2022-03-11 11:00:00-05:00,1H,False,13491.5
2022-03-14,Monday,True,2022-03-14 09:00:00-04:00,1H,True,13315.25
2022-03-15,Tuesday,True,2022-03-15 09:00:00-04:00,1H,False,13108.5
2022-03-16,Wednesday,False,,,False,13452.5
2022-03-17,Thursday,True,2022-03-17 09:00:00-04:00,1H,True,13939.0
2022-03-18,Friday,True,2022-03-18 09:00:00-04:00,1H,False,13992.75
2022-03-21,Monday,True,2022-03-21 09:00:00-04:00,1H,True,14371.75
2022-03-22,Tuesday,False,,,False,14324.5
2022-03-23,Wednesday,True,2022-03-23 11:00:00-04:00,1H,False,14652.0
2022-03-24,Thursday,True,2022-03-24 09:00:00-04:00,1H,True,14518.75
2022-03-25,Friday,True,2022-03-25 09:00:00-04:00,1H,True,14749.0
2022-03-28,Monday,True,2022-03-28 12:00:00-04:00,1H,False,14693.5
2022-03-29,Tuesday,False,,,False,14968.75
2022-03-30,Wednesday,True,2022-03-30 09:00:00-04:00,1H,True,15218.25
2022-03-31,Thursday,False,,,False,15146.0
2022-04-01,Friday,True,2022-04-01 09:00:00-04:00,1H,False,14923.5
2022-04-04,Monday,False,,,False,14849.0
2022-04-05,Tuesday,False,,,False,15147.75
2022-04-06,Wednesday,False,,,False,14793.5
2022-04-07,Thursday,True,2022-04-07 09:00:00-04:00,1H,True,14450.0
2022-04-08,Friday,False,,,False,14544.0
2022-04-11,Monday,False,,,False,14229.75
2022-04-12,Tuesday,False,,,False,13924.75
2022-04-13,Wednesday,True,2022-04-13 09:00:00-04:00,1H,True,14040.25
2022-04-14,Thursday,False,,,False,14259.5
2022-04-18,Monday,False,,,False,13767.5
2022-04-19,Tuesday,True,2022-04-19 09:00:00-04:00,1H,False,13992.75
2022-04-20,Wednesday,True,2022-04-20 09:00:00-04:00,1H,True,14122.25
2022-04-21,Thursday,True,2022-04-21 10:00:00-04:00,1H,True,14083.0
2022-04-22,Friday,True,2022-04-22 09:00:00-04:00,1H,True,13682.25
2022-04-25,Monday,True,2022-04-25 09:00:00-04:00,1H,True,13305.5
2022-04-26,Tuesday,False,,,False,13573.5
2022-04-27,Wednesday,True,2022-04-27 09:00:00-04:00,1H,True,13066.75
2022-04-28,Thursday,True,2022-04-28 09:00:00-04:00,1H,True,13179.25
2022-04-29,Friday,True,2022-04-29 09:00:00-04:00,1H,True,13332.75
2022-05-02,Monday,True,2022-05-02 09:00:00-04:00,1H,True,12946.0
2022-05-03,Tuesday,True,2022-05-03 10:00:00-04:00,1H,True,13125.75
2022-05-04,Wednesday,True,2022-05-04 09:00:00-04:00,1H,False,13099.75
2022-05-05,Thursday,False,,,False,13522.0
2022-05-06,Friday,True,2022-05-06 10:00:00-04:00,1H,True,12871.5
2022-05-09,Monday,False,,,False,12595.75
2022-05-10,Tuesday,True,2022-05-10 10:00:00-04:00,1H,True,12307.75
2022-05-11,Wednesday,True,2022-05-11 09:00:00-04:00,1H,False,12443.25
2022-05-12,Thursday,True,2022-05-12 10:00:00-04:00,1H,True,12017.5
2022-05-13,Friday,True,2022-05-13 09:00:00-04:00,1H,False,12113.25
2022-05-16,Monday,True,2022-05-16 09:00:00-04:00,1H,True,12289.25
2022-05-17,Tuesday,False,,,False,12311.0
2022-05-18,Wednesday,False,,,False,12501.0
2022-05-19,Thursday,True,2022-05-19 09:00:00-04:00,1H,True,11938.5
2022-05-20,Friday,True,2022-05-20 09:00:00-04:00,1H,True,11982.0
2022-05-23,Monday,True,2022-05-23 09:00:00-04:00,1H,True,11959.25
2022-05-24,Tuesday,False,,,False,11872.25
2022-05-25,Wednesday,True,2022-05-25 10:00:00-04:00,1H,True,11886.25
2022-05-26,Thursday,True,2022-05-26 09:00:00-04:00,1H,False,11913.5
2022-05-27,Friday,False,,,False,12252.75
2022-05-30,Monday,True,2022-05-30 09:00:00-04:00,1H,True,12787.0
2022-05-31,Tuesday,True,2022-05-31 12:00:00-04:00,1H,False,12752.75
2022-06-01,Wednesday,True,2022-06-01 09:00:00-04:00,1H,True,12682.0
2022-06-02,Thursday,True,2022-06-02 09:00:00-04:00,1H,True,12560.25
2022-06-03,Friday,False,,,False,12890.75
2022-06-06,Monday,True,2022-06-06 11:00:00-04:00,1H,False,12632.0
2022-06-07,Tuesday,True,2022-06-07 09:00:00-04:00,1H,True,12530.25
2022-06-08,Wednesday,True,2022-06-08 09:00:00-04:00,1H,False,12657.5
2022-06-09,Thursday,True,2022-06-09 09:00:00-04:00,1H,True,12600.5
2022-06-10,Friday,False,,,False,12309.5
2022-06-13,Monday,False,,,False,11624.0
2022-06-14,Tuesday,True,2022-06-14 09:00:00-04:00,1H,True,11425.5
2022-06-15,Wednesday,False,,,False,11409.75
2022-06-16,Thursday,False,,,False,11684.5
2022-06-17,Friday,True,2022-06-17 09:00:00-04:00,1H,True,11226.25
2022-06-20,Monday,True,2022-06-20 09:00:00-04:00,1H,True,11369.5
2022-06-21,Tuesday,True,2022-06-21 09:00:00-04:00,1H,False,11487.0
2022-06-22,Wednesday,True,2022-06-22 09:00:00-04:00,1H,False,11465.25
2022-06-23,Thursday,False,,,False,11526.75
2022-06-24,Friday,True,2022-06-24 09:00:00-04:00,1H,False,11813.0
2022-06-27,Monday,True,2022-06-27 09:00:00-04:00,1H,False,12207.25
2022-06-28,Tuesday,True,2022-06-28 10:00:00-04:00,1H,False,12023.0
2022-06-29,Wednesday,True,2022-06-29 09:00:00-04:00,1H,True,11692.75
2022-06-30,Thursday,True,2022-06-30 12:00:00-04:00,1H,False,11652.25
2022-07-01,Friday,True,2022-07-01 09:00:00-04:00,1H,True,11420.75
2022-07-04,Monday,True,2022-07-04 10:00:00-04:00,1H,False,11533.75
2022-07-05,Tuesday,True,2022-07-05 12:00:00-04:00,1H,False,11654.25
2022-07-06,Wednesday,True,2022-07-06 09:00:00-04:00,1H,True,11823.5
2022-07-07,Thursday,False,,,False,11892.0
2022-07-08,Friday,True,2022-07-08 09:00:00-04:00,1H,True,12078.25
2022-07-11,Monday,True,2022-07-11 09:00:00-04:00,1H,False,12049.25
2022-07-12,Tuesday,True,2022-07-12 10:00:00-04:00,1H,False,11815.25
2022-07-13,Wednesday,True,2022-07-13 10:00:00-04:00,1H,True,11807.25
2022-07-14,Thursday,False,,,False,11746.5
2022-07-15,Friday,True,2022-07-15 09:00:00-04:00,1H,False,11853.5
2022-07-18,Monday,True,2022-07-18 09:00:00-04:00,1H,False,12099.75
2022-07-19,Tuesday,False,,,False,11925.5
2022-07-20,Wednesday,True,2022-07-20 09:00:00-04:00,1H,True,12347.75
2022-07-21,Thursday,True,2022-07-21 09:00:00-04:00,1H,True,12432.25
2022-07-22,Friday,True,2022-07-22 10:00:00-04:00,1H,True,12548.5
2022-07-25,Monday,True,2022-07-25 09:00:00-04:00,1H,False,12416.25
2022-07-26,Tuesday,False,,,False,12310.5
2022-07-27,Wednesday,True,2022-07-27 09:00:00-04:00,1H,False,12277.75
2022-07-28,Thursday,True,2022-07-28 09:00:00-04:00,1H,True,12561.25
2022-07-29,Friday,True,2022-07-29 09:00:00-04:00,1H,True,12889.75
2022-08-01,Monday,True,2022-08-01 09:00:00-04:00,1H,False,12916.25
2022-08-02,Tuesday,True,2022-08-02 09:00:00-04:00,1H,True,12910.25
2022-08-03,Wednesday,False,,,False,12927.0
2022-08-04,Thursday,True,2022-08-04 09:00:00-04:00,1H,True,13238.0
2022-08-05,Friday,False,,,False,13371.25
2022-08-08,Monday,True,2022-08-08 11:00:00-04:00,1H,False,13213.25
2022-08-09,Tuesday,False,,,False,13222.25
2022-08-10,Wednesday,False,,,False,13012.75
2022-08-11,Thursday,True,2022-08-11 11:00:00-04:00,1H,False,13443.25
2022-08-12,Friday,False,,,False,13343.5
2022-08-15,Monday,True,2022-08-15 09:00:00-04:00,1H,True,13545.5
2022-08-16,Tuesday,True,2022-08-16 09:00:00-04:00,1H,True,13663.25
2022-08-17,Wednesday,False,,,False,13646.25
2022-08-18,Thursday,True,2022-08-18 09:00:00-04:00,1H,True,13472.5
2022-08-19,Friday,False,,,False,13499.75
2022-08-22,Monday,False,,,False,13207.0
2022-08-23,Tuesday,True,2022-08-23 09:00:00-04:00,1H,True,12933.5
2022-08-24,Wednesday,True,2022-08-24 09:00:00-04:00,1H,False,12844.0
2022-08-25,Thursday,True,2022-08-25 09:00:00-04:00,1H,False,12964.0
2022-08-26,Friday,True,2022-08-26 09:00:00-04:00,1H,True,13151.25
2022-08-29,Monday,True,2022-08-29 09:00:00-04:00,1H,True,12482.25
2022-08-30,Tuesday,True,2022-08-30 09:00:00-04:00,1H,False,12529.25
2022-08-31,Wednesday,True,2022-08-31 09:00:00-04:00,1H,True,12439.75
2022-09-01,Thursday,True,2022-09-01 09:00:00-04:00,1H,True,12136.25
2022-09-02,Friday,True,2022-09-02 10:00:00-04:00,1H,True,12276.75
2022-09-05,Monday,True,2022-09-05 09:00:00-04:00,1H,False,12118.5
2022-09-06,Tuesday,True,2022-09-06 09:00:00-04:00,1H,False,12165.25
2022-09-07,Wednesday,False,,,False,11961.0
2022-09-08,Thursday,True,2022-09-08 09:00:00-04:00,1H,True,12269.0
2022-09-09,Friday,False,,,False,12387.5
2022-09-12,Monday,False,,,False,12585.0
2022-09-13,Tuesday,False,,,False,12833.5
2022-09-14,Wednesday,True,2022-09-14 09:00:00-04:00,1H,True,12132.5
2022-09-15,Thursday,True,2022-09-15 09:00:00-04:00,1H,False,12229.0
2022-09-16,Friday,True,2022-09-16 10:00:00-04:00,1H,False,11902.75
2022-09-19,Monday,True,2022-09-19 09:00:00-04:00,1H,True,11883.5
2022-09-20,Tuesday,False,,,False,12056.25
2022-09-21,Wednesday,True,2022-09-21 09:00:00-04:00,1H,True,11940.75
2022-09-22,Thursday,True,2022-09-22 09:00:00-04:00,1H,True,11610.25
2022-09-23,Friday,False,,,False,11536.0
2022-09-26,Monday,True,2022-09-26 12:00:00-04:00,1H,False,11321.0
2022-09-27,Tuesday,True,2022-09-27 10:00:00-04:00,1H,True,11400.5
2022-09-28,Wednesday,False,,,False,11234.75
2022-09-29,Thursday,False,,,False,11536.75
2022-09-30,Friday,True,2022-09-30 09:00:00-04:00,1H,False,11194.75
2022-10-03,Monday,False,,,False,10990.5
2022-10-04,Tuesday,False,,,False,11398.5
2022-10-05,Wednesday,False,,,False,11586.0
2022-10-06,Thursday,True,2022-10-06 09:00:00-04:00,1H,False,11694.25
2022-10-07,Friday,False,,,False,11529.75
2022-10-10,Monday,True,2022-10-10 09:00:00-04:00,1H,True,11046.5
2022-10-11,Tuesday,True,2022-10-11 09:00:00-04:00,1H,True,10936.5
2022-10-12,Wednesday,True,2022-10-12 09:00:00-04:00,1H,True,10868.5
2022-10-13,Thursday,True,2022-10-13 11:00:00-04:00,1H,False,10850.5
2022-10-14,Friday,True,2022-10-14 09:00:00-04:00,1H,False,11167.25
2022-10-17,Monday,False,,,False,10784.5
2022-10-18,Tuesday,True,2022-10-18 09:00:00-04:00,1H,True,11297.25
2022-10-19,Wednesday,False,,,False,11331.25
2022-10-20,Thursday,False,,,False,11029.75
2022-10-21,Friday,True,2022-10-21 09:00:00-04:00,1H,False,11024.75
2022-10-24,Monday,True,2022-10-24 09:00:00-04:00,1H,True,11376.75
2022-10-25,Tuesday,True,2022-10-25 09:00:00-04:00,1H,False,11482.75
2022-10-26,Wednesday,True,2022-10-26 09:00:00-04:00,1H,True,11493.75
2022-10-27,Thursday,False,,,False,11498.25
2022-10-28,Friday,True,2022-10-28 09:00:00-04:00,1H,False,11159.5
2022-10-31,Monday,False,,,False,11569.0
2022-11-01,Tuesday,True,2022-11-01 09:00:00-04:00,1H,True,11490.75
2022-11-02,Wednesday,False,,,False,11372.5
2022-11-03,Thursday,False,,,False,10980.0
2022-11-04,Friday,True,2022-11-04 09:00:00-04:00,1H,True,10745.5
2022-11-07,Monday,True,2022-11-07 09:00:00-05:00,1H,True,10864.0
2022-11-08,Tuesday,True,2022-11-08 09:00:00-05:00,1H,False,11005.75
2022-11-09,Wednesday,False,,,False,11129.0
2022-11-10,Thursday,False,,,False,10878.0
2022-11-11,Friday,True,2022-11-11 09:00:00-05:00,1H,True,11655.25
2022-11-14,Monday,True,2022-11-14 09:00:00-05:00,1H,True,11789.25
2022-11-15,Tuesday,False,,,False,11804.75
2022-11-16,Wednesday,True,2022-11-16 09:00:00-05:00,1H,False,11865.5
2022-11-17,Thursday,True,2022-11-17 12:00:00-05:00,1H,False,11748.75
2022-11-18,Friday,True,2022-11-18 10:00:00-05:00,1H,False,11725.0
2022-11-21,Monday,True,2022-11-21 09:00:00-05:00,1H,False,11679.75
2022-11-22,Tuesday,True,2022-11-22 09:00:00-05:00,1H,True,11604.5
2022-11-23,Wednesday,False,,,False,11728.25
2022-11-24,Thursday,True,2022-11-24 09:00:00-05:00,1H,False,11895.75
2022-11-25,Friday,False,,,False,11914.25
2022-11-28,Monday,True,2022-11-28 09:00:00-05:00,1H,True,11686.0
2022-11-29,Tuesday,False,,,False,11667.75
2022-11-30,Wednesday,True,2022-11-30 09:00:00-05:00,1H,True,11540.5
2022-12-01,Thursday,True,2022-12-01 09:00:00-05:00,1H,True,12058.75
2022-12-02,Friday,False,,,False,12024.5
2022-12-05,Monday,False,,,False,11992.25
2022-12-06,Tuesday,True,2022-12-06 09:00:00-05:00,1H,False,11805.5
2022-12-07,Wednesday,True,2022-12-07 09:00:00-05:00,1H,True,11589.5
2022-12-08,Thursday,True,2022-12-08 09:00:00-05:00,1H,False,11490.0
2022-12-09,Friday,True,2022-12-09 10:00:00-05:00,1H,True,11678.25
2022-12-12,Monday,True,2022-12-12 09:00:00-05:00,1H,True,11557.0
2022-12-13,Tuesday,False,,,False,11815.0
2022-12-14,Wednesday,True,2022-12-14 09:00:00-05:00,1H,False,11998.0
2022-12-15,Thursday,False,,,False,11855.75
2022-12-16,Friday,True,2022-12-16 09:00:00-05:00,1H,False,11446.0
2022-12-19,Monday,True,2022-12-19 09:00:00-05:00,1H,False,11364.25
2022-12-20,Tuesday,True,2022-12-20 09:00:00-05:00,1H,False,11078.25
2022-12-21,Wednesday,True,2022-12-21 09:00:00-05:00,1H,False,11211.5
2022-12-22,Thursday,False,,,False,11370.0
2022-12-23,Friday,True,2022-12-23 09:00:00-05:00,1H,True,11058.25
2022-12-27,Tuesday,False,,,False,11163.25
2022-12-28,Wednesday,True,2022-12-28 09:00:00-05:00,1H,True,10925.0
2022-12-29,Thursday,False,,,False,10804.0
2022-12-30,Friday,False,,,False,11022.5
2023-01-03,Tuesday,True,2023-01-03 09:00:00-05:00,1H,False,11022.25
2023-01-04,Wednesday,True,2023-01-04 09:00:00-05:00,1H,True,10983.0
2023-01-05,Thursday,False,,,False,10983.0
2023-01-06,Friday,True,2023-01-06 09:00:00-05:00,1H,True,10874.25
2023-01-09,Monday,True,2023-01-09 09:00:00-05:00,1H,False,11173.75
2023-01-10,Tuesday,True,2023-01-10 09:00:00-05:00,1H,True,11145.0
2023-01-11,Wednesday,False,,,False,11276.5
2023-01-12,Thursday,True,2023-01-12 09:00:00-05:00,1H,True,11487.0
2023-01-13,Friday,True,2023-01-13 10:00:00-05:00,1H,True,11491.5
2023-01-16,Monday,True,2023-01-16 09:00:00-05:00,1H,False,11617.75
2023-01-17,Tuesday,True,2023-01-17 09:00:00-05:00,1H,True,11545.25
2023-01-18,Wednesday,True,2023-01-18 10:00:00-05:00,1H,False,11645.0
2023-01-19,Thursday,False,,,False,11468.75
2023-01-20,Friday,True,2023-01-20 09:00:00-05:00,1H,False,11399.0
2023-01-23,Monday,True,2023-01-23 09:00:00-05:00,1H,False,11667.0
2023-01-24,Tuesday,True,2023-01-24 09:00:00-05:00,1H,True,11929.75
2023-01-25,Wednesday,False,,,False,11818.75
2023-01-26,Thursday,True,2023-01-26 10:00:00-05:00,1H,True,11916.0
2023-01-27,Friday,True,2023-01-27 09:00:00-05:00,1H,False,12033.5
2023-01-30,Monday,False,,,False,12179.25
2023-01-31,Tuesday,False,,,False,11938.0
2023-02-01,Wednesday,True,2023-02-01 09:00:00-05:00,1H,True,12106.75
2023-02-02,Thursday,False,,,False,12540.0
2023-02-03,Friday,True,2023-02-03 09:00:00-05:00,1H,False,12656.0
2023-02-06,Monday,True,2023-02-06 09:00:00-05:00,1H,True,12567.0
2023-02-07,Tuesday,True,2023-02-07 09:00:00-05:00,1H,True,12531.0
2023-02-08,Wednesday,False,,,False,12787.5
2023-02-09,Thursday,True,2023-02-09 11:00:00-05:00,1H,False,12577.0
2023-02-10,Friday,True,2023-02-10 09:00:00-05:00,1H,True,12389.5
2023-02-13,Monday,False,,,False,12285.25
2023-02-14,Tuesday,True,2023-02-14 09:00:00-05:00,1H,True,12524.25
2023-02-15,Wednesday,True,2023-02-15 09:00:00-05:00,1H,True,12564.75
2023-02-16,Thursday,False,,,False,12779.5
2023-02-17,Friday,True,2023-02-17 09:00:00-05:00,1H,False,12413.5
2023-02-20,Monday,True,2023-02-20 09:00:00-05:00,1H,True,12395.0
2023-02-21,Tuesday,False,,,False,12345.0
2023-02-22,Wednesday,True,2023-02-22 09:00:00-05:00,1H,False,12129.0
2023-02-23,Thursday,True,2023-02-23 09:00:00-05:00,1H,True,12206.25
2023-02-24,Friday,False,,,False,12176.75
2023-02-27,Monday,False,,,False,12031.0
2023-02-28,Tuesday,True,2023-02-28 09:00:00-05:00,1H,True,12106.0
2023-03-01,Wednesday,True,2023-03-01 09:00:00-05:00,1H,False,12071.25
2023-03-02,Thursday,True,2023-03-02 09:00:00-05:00,1H,True,11904.25
2023-03-03,Friday,False,,,False,12033.0
2023-03-06,Monday,True,2023-03-06 09:00:00-05:00,1H,False,12341.25
2023-03-07,Tuesday,True,2023-03-07 09:00:00-05:00,1H,False,12367.5
2023-03-08,Wednesday,True,2023-03-08 09:00:00-05:00,1H,True,12162.0
2023-03-09,Thursday,False,,,False,12204.25
2023-03-10,Friday,True,2023-03-10 09:00:00-05:00,1H,True,11936.75
2023-03-13,Monday,True,2023-03-13 11:00:00-04:00,1H,False,12050.0
2023-03-14,Tuesday,False,,,False,12115.75
2023-03-15,Wednesday,False,,,False,12348.25
2023-03-16,Thursday,True,2023-03-16 10:00:00-04:00,1H,False,12430.0
2023-03-17,Friday,True,2023-03-17 09:00:00-04:00,1H,True,12720.5
2023-03-20,Monday,True,2023-03-20 09:00:00-04:00,1H,True,12667.25
2023-03-21,Tuesday,False,,,False,12695.0
2023-03-22,Wednesday,True,2023-03-22 09:00:00-04:00,1H,True,12875.0
2023-03-23,Thursday,False,,,False,12770.25
2023-03-24,Friday,True,2023-03-24 12:00:00-04:00,1H,False,12861.5
2023-03-27,Monday,True,2023-03-27 09:00:00-04:00,1H,False,12950.75
2023-03-28,Tuesday,False,,,False,12809.0
2023-03-29,Wednesday,False,,,False,12774.0
2023-03-30,Thursday,False,,,False,12943.0
2023-03-31,Friday,True,2023-03-31 09:00:00-04:00,1H,False,13130.0
2023-04-03,Monday,True,2023-04-03 09:00:00-04:00,1H,True,13216.0
2023-04-04,Tuesday,True,2023-04-04 09:00:00-04:00,1H,True,13244.5
2023-04-05,Wednesday,False,,,False,13226.0
2023-04-06,Thursday,True,2023-04-06 09:00:00-04:00,1H,True,13025.75
2023-04-07,Friday,True,2023-04-07 09:00:00-04:00,1H,False,13159.75
2023-04-10,Monday,False,,,False,13140.75
2023-04-11,Tuesday,True,2023-04-11 09:00:00-04:00,1H,False,13151.75
2023-04-12,Wednesday,True,2023-04-12 09:00:00-04:00,1H,True,13073.0
2023-04-13,Thursday,False,,,False,12973.0
2023-04-14,Friday,True,2023-04-14 09:00:00-04:00,1H,True,13198.5
2023-04-17,Monday,True,2023-04-17 09:00:00-04:00,1H,True,13181.5
2023-04-18,Tuesday,True,2023-04-18 10:00:00-04:00,1H,True,13168.75
2023-04-19,Wednesday,True,2023-04-19 11:00:00-04:00,1H,False,13171.0
2023-04-20,Thursday,True,2023-04-20 10:00:00-04:00,1H,True,13140.75
2023-04-21,Friday,True,2023-04-21 11:00:00-04:00,1H,False,13092.5
2023-04-24,Monday,True,2023-04-24 09:00:00-04:00,1H,True,13051.75
2023-04-25,Tuesday,True,2023-04-25 09:00:00-04:00,1H,False,13012.0
2023-04-26,Wednesday,True,2023-04-26 09:00:00-04:00,1H,True,12970.5
2023-04-27,Thursday,False,,,False,12953.0
2023-04-28,Friday,True,2023-04-28 09:00:00-04:00,1H,True,13201.25
2023-05-01,Monday,True,2023-05-01 09:00:00-04:00,1H,True,13334.5
2023-05-02,Tuesday,True,2023-05-02 09:00:00-04:00,1H,False,13300.0
2023-05-03,Wednesday,True,2023-05-03 09:00:00-04:00,1H,True,13188.25
2023-05-04,Thursday,False,,,False,13149.25
2023-05-05,Friday,True,2023-05-05 09:00:00-04:00,1H,False,13111.0
2023-05-08,Monday,True,2023-05-08 09:00:00-04:00,1H,True,13313.0
2023-05-09,Tuesday,False,,,False,13341.0
2023-05-10,Wednesday,False,,,False,13271.75
2023-05-11,Thursday,True,2023-05-11 09:00:00-04:00,1H,True,13433.75
2023-05-12,Friday,True,2023-05-12 09:00:00-04:00,1H,False,13481.5
2023-05-15,Monday,True,2023-05-15 09:00:00-04:00,1H,True,13390.5
2023-05-16,Tuesday,True,2023-05-16 09:00:00-04:00,1H,False,13458.5
2023-05-17,Wednesday,True,2023-05-17 09:00:00-04:00,1H,True,13515.5
2023-05-18,Thursday,True,2023-05-18 09:00:00-04:00,1H,False,13644.5
2023-05-19,Friday,True,2023-05-19 09:00:00-04:00,1H,False,13929.25
2023-05-22,Monday,True,2023-05-22 09:00:00-04:00,1H,False,13871.5
2023-05-23,Tuesday,False,,,False,13937.0
2023-05-24,Wednesday,False,,,False,13744.0
2023-05-25,Thursday,False,,,False,13837.25
2023-05-26,Friday,False,,,False,13951.25
2023-05-29,Monday,True,2023-05-29 10:00:00-04:00,1H,True,14393.25
2023-05-30,Tuesday,True,2023-05-30 12:00:00-04:00,1H,False,14388.75
2023-05-31,Wednesday,True,2023-05-31 09:00:00-04:00,1H,True,14380.5
2023-06-01,Thursday,True,2023-06-01 09:00:00-04:00,1H,False,14280.0
2023-06-02,Friday,True,2023-06-02 09:00:00-04:00,1H,True,14507.5
2023-06-05,Monday,False,,,False,14528.75
2023-06-06,Tuesday,True,2023-06-06 09:00:00-04:00,1H,True,14588.75
2023-06-07,Wednesday,True,2023-06-07 09:00:00-04:00,1H,True,14586.5
2023-06-08,Thursday,False,,,False,14307.25
2023-06-09,Friday,True,2023-06-09 12:00:00-04:00,1H,False,14499.75
2023-06-12,Monday,True,2023-06-12 10:00:00-04:00,1H,False,14588.25
2023-06-13,Tuesday,True,2023-06-13 09:00:00-04:00,1H,True,15047.75
2023-06-14,Wednesday,True,2023-06-14 09:00:00-04:00,1H,False,15098.5
2023-06-15,Thursday,True,2023-06-15 09:00:00-04:00,1H,True,15196.0
2023-06-16,Friday,True,2023-06-16 09:00:00-04:00,1H,True,15346.25
2023-06-19,Monday,True,2023-06-19 09:00:00-04:00,1H,False,15271.0
2023-06-20,Tuesday,True,2023-06-20 09:00:00-04:00,1H,True,15238.0
2023-06-21,Wednesday,False,,,False,15254.5
2023-06-22,Thursday,True,2023-06-22 09:00:00-04:00,1H,False,15028.75
2023-06-23,Friday,False,,,False,15156.5
2023-06-26,Monday,True,2023-06-26 09:00:00-04:00,1H,True,15101.75
2023-06-27,Tuesday,False,,,False,14875.75
2023-06-28,Wednesday,True,2023-06-28 09:00:00-04:00,1H,True,15063.25
2023-06-29,Thursday,True,2023-06-29 09:00:00-04:00,1H,False,15147.25
2023-06-30,Friday,False,,,False,15122.75
2023-07-03,Monday,True,2023-07-03 09:00:00-04:00,1H,True,15352.0
2023-07-04,Tuesday,True,2023-07-04 09:00:00-04:00,1H,True,15349.5
2023-07-05,Wednesday,True,2023-07-05 09:00:00-04:00,1H,True,15344.5
2023-07-06,Thursday,False,,,False,15299.25
2023-07-07,Friday,True,2023-07-07 09:00:00-04:00,1H,True,15233.25
2023-07-10,Monday,True,2023-07-10 09:00:00-04:00,1H,True,15129.75
2023-07-11,Tuesday,True,2023-07-11 09:00:00-04:00,1H,True,15195.75
2023-07-12,Wednesday,False,,,False,15276.25
2023-07-13,Thursday,False,,,False,15501.25
2023-07-14,Friday,True,2023-07-14 09:00:00-04:00,1H,False,15723.75
2023-07-17,Monday,False,,,False,15676.75
2023-07-18,Tuesday,True,2023-07-18 09:00:00-04:00,1H,True,15813.75
2023-07-19,Wednesday,True,2023-07-19 10:00:00-04:00,1H,True,15963.25
2023-07-20,Thursday,True,2023-07-20 09:00:00-04:00,1H,False,15883.75
2023-07-21,Friday,True,2023-07-21 10:00:00-04:00,1H,True,15602.0
2023-07-24,Monday,True,2023-07-24 09:00:00-04:00,1H,True,15546.5
2023-07-25,Tuesday,False,,,False,15561.75
2023-07-26,Wednesday,False,,,False,15651.5
2023-07-27,Thursday,False,,,False,15700.5
2023-07-28,Friday,False,,,False,15613.0
2023-07-31,Monday,True,2023-07-31 09:00:00-04:00,1H,False,15806.75
2023-08-01,Tuesday,False,,,False,15867.0
2023-08-02,Wednesday,False,,,False,15727.5
2023-08-03,Thursday,True,2023-08-03 11:00:00-04:00,1H,False,15478.0
2023-08-04,Friday,True,2023-08-04 09:00:00-04:00,1H,True,15512.75
2023-08-07,Monday,True,2023-08-07 09:00:00-04:00,1H,False,15435.0
2023-08-08,Tuesday,False,,,False,15433.75
2023-08-09,Wednesday,True,2023-08-09 09:00:00-04:00,1H,False,15374.0
2023-08-10,Thursday,True,2023-08-10 11:00:00-04:00,1H,False,15240.0
2023-08-11,Friday,False,,,False,15211.25
2023-08-14,Monday,True,2023-08-14 09:00:00-04:00,1H,False,15050.25
2023-08-15,Tuesday,False,,,False,15320.0
2023-08-16,Wednesday,True,2023-08-16 09:00:00-04:00,1H,True,15121.75
2023-08-17,Thursday,True,2023-08-17 09:00:00-04:00,1H,False,14947.0
2023-08-18,Friday,False,,,False,14762.0
2023-08-21,Monday,False,,,False,14763.5
2023-08-22,Tuesday,True,2023-08-22 10:00:00-04:00,1H,True,14974.25
2023-08-23,Wednesday,True,2023-08-23 09:00:00-04:00,1H,False,15011.25
2023-08-24,Thursday,False,,,False,15383.5
2023-08-25,Friday,True,2023-08-25 10:00:00-04:00,1H,True,14835.5
2023-08-28,Monday,True,2023-08-28 11:00:00-04:00,1H,False,14980.5
2023-08-29,Tuesday,True,2023-08-29 09:00:00-04:00,1H,False,15112.0
2023-08-30,Wednesday,True,2023-08-30 09:00:00-04:00,1H,True,15455.75
2023-08-31,Thursday,True,2023-08-31 09:00:00-04:00,1H,False,15511.5
2023-09-01,Friday,True,2023-09-01 09:00:00-04:00,1H,True,15547.5
2023-09-04,Monday,True,2023-09-04 10:00:00-04:00,1H,True,15533.75
2023-09-05,Tuesday,True,2023-09-05 09:00:00-04:00,1H,True,15499.75
2023-09-06,Wednesday,True,2023-09-06 09:00:00-04:00,1H,False,15502.0
2023-09-07,Thursday,False,,,False,15386.0
2023-09-08,Friday,True,2023-09-08 09:00:00-04:00,1H,True,15288.0
2023-09-11,Monday,False,,,False,15320.5
2023-09-12,Tuesday,False,,,False,15669.0
2023-09-13,Wednesday,True,2023-09-13 09:00:00-04:00,1H,True,15478.5
2023-09-14,Thursday,True,2023-09-14 09:00:00-04:00,1H,True,15623.5
2023-09-15,Friday,False,,,False,15710.25
2023-09-18,Monday,True,2023-09-18 09:00:00-04:00,1H,True,15411.25
2023-09-19,Tuesday,False,,,False,15408.25
2023-09-20,Wednesday,True,2023-09-20 10:00:00-04:00,1H,True,15350.0
2023-09-21,Thursday,False,,,False,15095.75
2023-09-22,Friday,True,2023-09-22 09:00:00-04:00,1H,False,14896.0
2023-09-25,Monday,True,2023-09-25 11:00:00-04:00,1H,False,14921.5
2023-09-26,Tuesday,False,,,False,14874.75
2023-09-27,Wednesday,True,2023-09-27 10:00:00-04:00,1H,False,14738.75
2023-09-28,Thursday,True,2023-09-28 09:00:00-04:00,1H,True,14740.25
2023-09-29,Friday,True,2023-09-29 12:00:00-04:00,1H,False,14885.25
2023-10-02,Monday,True,2023-10-02 10:00:00-04:00,1H,True,14975.75
2023-10-03,Tuesday,True,2023-10-03 09:00:00-04:00,1H,False,14984.25
2023-10-04,Wednesday,False,,,False,14657.25
2023-10-05,Thursday,False,,,False,14937.75
2023-10-06,Friday,True,2023-10-06 10:00:00-04:00,1H,False,14863.25
2023-10-09,Monday,True,2023-10-09 09:00:00-04:00,1H,True,14981.5
2023-10-10,Tuesday,True,2023-10-10 09:00:00-04:00,1H,False,15215.5
2023-10-11,Wednesday,True,2023-10-11 10:00:00-04:00,1H,True,15297.25
2023-10-12,Thursday,True,2023-10-12 09:00:00-04:00,1H,True,15424.75
2023-10-13,Friday,True,2023-10-13 09:00:00-04:00,1H,True,15328.0
2023-10-16,Monday,True,2023-10-16 09:00:00-04:00,1H,False,15163.25
2023-10-17,Tuesday,True,2023-10-17 11:00:00-04:00,1H,False,15274.5
2023-10-18,Wednesday,True,2023-10-18 10:00:00-04:00,1H,False,15216.75
2023-10-19,Thursday,True,2023-10-19 10:00:00-04:00,1H,True,14995.75
2023-10-20,Friday,True,2023-10-20 09:00:00-04:00,1H,True,14847.5
2023-10-23,Monday,True,2023-10-23 10:00:00-04:00,1H,False,14689.75
2023-10-24,Tuesday,True,2023-10-24 09:00:00-04:00,1H,False,14755.0
2023-10-25,Wednesday,False,,,False,14786.0
2023-10-26,Thursday,True,2023-10-26 09:00:00-04:00,1H,True,14321.25
2023-10-27,Friday,True,2023-10-27 09:00:00-04:00,1H,True,14306.5
2023-10-30,Monday,True,2023-10-30 09:00:00-04:00,1H,True,14341.0
2023-10-31,Tuesday,True,2023-10-31 09:00:00-04:00,1H,True,14344.5
2023-11-01,Wednesday,True,2023-11-01 09:00:00-04:00,1H,False,14470.0
2023-11-02,Thursday,False,,,False,14805.25
2023-11-03,Friday,False,,,False,14957.25
2023-11-06,Monday,True,2023-11-06 10:00:00-05:00,1H,True,15179.25
2023-11-07,Tuesday,False,,,False,15205.5
2023-11-08,Wednesday,True,2023-11-08 10:00:00-05:00,1H,True,15358.5
2023-11-09,Thursday,True,2023-11-09 09:00:00-05:00,1H,True,15372.0
2023-11-10,Friday,False,,,False,15248.0
2023-11-13,Monday,True,2023-11-13 09:00:00-05:00,1H,True,15513.75
2023-11-14,Tuesday,False,,,False,15572.25
2023-11-15,Wednesday,True,2023-11-15 09:00:00-05:00,1H,True,15921.5
2023-11-16,Thursday,True,2023-11-16 09:00:00-05:00,1H,True,15850.75
2023-11-17,Friday,True,2023-11-17 09:00:00-05:00,1H,False,15893.75
2023-11-20,Monday,False,,,False,15854.25
2023-11-21,Tuesday,False,,,False,16109.25
2023-11-22,Wednesday,False,,,False,15971.5
2023-11-23,Thursday,True,2023-11-23 09:00:00-05:00,1H,False,16049.0
2023-11-24,Friday,True,2023-11-24 09:00:00-05:00,1H,False,16061.25
2023-11-27,Monday,False,,,False,15947.25
2023-11-28,Tuesday,True,2023-11-28 09:00:00-05:00,1H,True,15997.5
2023-11-29,Wednesday,True,2023-11-29 10:00:00-05:00,1H,True,16075.25
2023-11-30,Thursday,True,2023-11-30 09:00:00-05:00,1H,False,16055.25
2023-12-01,Friday,True,2023-12-01 10:00:00-05:00,1H,True,15955.5
2023-12-04,Monday,False,,,False,15981.0
2023-12-05,Tuesday,True,2023-12-05 09:00:00-05:00,1H,True,15827.75
2023-12-06,Wednesday,True,2023-12-06 09:00:00-05:00,1H,False,15979.5
2023-12-07,Thursday,False,,,False,15813.75
2023-12-08,Friday,True,2023-12-08 09:00:00-05:00,1H,True,16026.75
2023-12-11,Monday,False,,,False,16052.75
2023-12-12,Tuesday,True,2023-12-12 09:00:00-05:00,1H,True,16469.25
2023-12-13,Wednesday,True,2023-12-13 09:00:00-05:00,1H,True,16605.75
2023-12-14,Thursday,True,2023-12-14 09:00:00-05:00,1H,False,16875.75
2023-12-15,Friday,True,2023-12-15 09:00:00-05:00,1H,False,16777.75
2023-12-18,Monday,True,2023-12-18 09:00:00-05:00,1H,True,16852.25
2023-12-19,Tuesday,False,,,False,16928.25
2023-12-20,Wednesday,True,2023-12-20 10:00:00-05:00,1H,True,17040.75
2023-12-21,Thursday,True,2023-12-21 10:00:00-05:00,1H,True,16838.25
2023-12-22,Friday,False,,,False,16913.0
2023-12-26,Tuesday,True,2023-12-26 09:00:00-05:00,1H,True,17021.75
2023-12-27,Wednesday,True,2023-12-27 09:00:00-05:00,1H,True,17082.5
2023-12-28,Thursday,True,2023-12-28 09:00:00-05:00,1H,False,17141.5
2023-12-29,Friday,True,2023-12-29 09:00:00-05:00,1H,True,17093.0
2024-01-02,Tuesday,False,,,False,17008.0
2024-01-03,Wednesday,False,,,False,16695.0
2024-01-04,Thursday,True,2024-01-04 10:00:00-05:00,1H,True,16549.0
2024-01-05,Friday,True,2024-01-05 09:00:00-05:00,1H,False,16442.25
2024-01-08,Monday,False,,,False,16448.25
2024-01-09,Tuesday,True,2024-01-09 11:00:00-05:00,1H,False,16781.75
2024-01-10,Wednesday,True,2024-01-10 09:00:00-05:00,1H,True,16827.75
2024-01-11,Thursday,True,2024-01-11 09:00:00-05:00,1H,False,16997.75
2024-01-12,Friday,True,2024-01-12 10:00:00-05:00,1H,True,16945.75
2024-01-15,Monday,False,,,False,16991.5
2024-01-16,Tuesday,True,2024-01-16 09:00:00-05:00,1H,False,16894.75
2024-01-17,Wednesday,False,,,False,16921.5
2024-01-18,Thursday,False,,,False,16848.0
2024-01-19,Friday,True,2024-01-19 09:00:00-05:00,1H,False,17169.25
2024-01-22,Monday,True,2024-01-22 09:00:00-05:00,1H,False,17552.25
2024-01-23,Tuesday,True,2024-01-23 09:00:00-05:00,1H,True,17474.5
2024-01-24,Wednesday,False,,,False,17594.75
2024-01-25,Thursday,False,,,False,17609.5
2024-01-26,Friday,False,,,False,17491.0
2024-01-29,Monday,True,2024-01-29 09:00:00-05:00,1H,True,17531.25
2024-01-30,Tuesday,False,,,False,17712.5
2024-01-31,Wednesday,False,,,False,17449.5
2024-02-01,Thursday,True,2024-02-01 09:00:00-05:00,1H,True,17317.25
2024-02-02,Friday,True,2024-02-02 09:00:00-05:00,1H,True,17606.75
2024-02-05,Monday,True,2024-02-05 09:00:00-05:00,1H,True,17684.25
2024-02-06,Tuesday,True,2024-02-06 09:00:00-05:00,1H,False,17739.0
2024-02-07,Wednesday,False,,,False,17659.0
2024-02-08,Thursday,True,2024-02-08 09:00:00-05:00,1H,True,17851.0
2024-02-09,Friday,False,,,False,17864.0
2024-02-12,Monday,True,2024-02-12 09:00:00-05:00,1H,False,18019.25
2024-02-13,Tuesday,False,,,False,17929.5
2024-02-14,Wednesday,True,2024-02-14 12:00:00-05:00,1H,False,17683.75
2024-02-15,Thursday,True,2024-02-15 09:00:00-05:00,1H,False,17875.5
2024-02-16,Friday,True,2024-02-16 09:00:00-05:00,1H,False,17938.5
2024-02-19,Monday,True,2024-02-19 09:00:00-05:00,1H,True,17779.0
2024-02-20,Tuesday,True,2024-02-20 09:00:00-05:00,1H,False,17681.75
2024-02-21,Wednesday,False,,,False,17555.0
2024-02-22,Thursday,False,,,False,17798.25
2024-02-23,Friday,True,2024-02-23 10:00:00-05:00,1H,True,18049.75
2024-02-26,Monday,False,,,False,17949.0
2024-02-27,Tuesday,True,2024-02-27 09:00:00-05:00,1H,False,17954.25
2024-02-28,Wednesday,False,,,False,18001.0
2024-02-29,Thursday,True,2024-02-29 11:00:00-05:00,1H,False,17926.25
2024-03-01,Friday,True,2024-03-01 09:00:00-05:00,1H,False,18119.5
2024-03-04,Monday,False,,,False,18349.0
2024-03-05,Tuesday,False,,,False,18208.75
2024-03-06,Wednesday,True,2024-03-06 10:00:00-05:00,1H,False,17981.5
2024-03-07,Thursday,False,,,False,17973.5
2024-03-08,Friday,True,2024-03-08 09:00:00-05:00,1H,True,18284.0
2024-03-11,Monday,True,2024-03-11 09:00:00-04:00,1H,True,17993.5
2024-03-12,Tuesday,True,2024-03-12 09:00:00-04:00,1H,True,18299.0
2024-03-13,Wednesday,False,,,False,18456.5
2024-03-14,Thursday,True,2024-03-14 09:00:00-04:00,1H,False,18371.75
2024-03-15,Friday,True,2024-03-15 09:00:00-04:00,1H,False,18244.5
2024-03-18,Monday,False,,,False,18125.25
2024-03-19,Tuesday,True,2024-03-19 12:00:00-04:00,1H,False,18180.0
2024-03-20,Wednesday,True,2024-03-20 09:00:00-04:00,1H,True,18245.75
2024-03-21,Thursday,False,,,False,18592.5
2024-03-22,Friday,True,2024-03-22 09:00:00-04:00,1H,True,18553.0
2024-03-25,Monday,False,,,False,18576.0
2024-03-26,Tuesday,False,,,False,18523.75
2024-03-27,Wednesday,True,2024-03-27 09:00:00-04:00,1H,False,18496.75
2024-03-28,Thursday,True,2024-03-28 09:00:00-04:00,1H,True,18493.75
2024-04-01,Monday,True,2024-04-01 09:00:00-04:00,1H,True,18584.5
2024-04-02,Tuesday,False,,,False,18479.25
2024-04-03,Wednesday,True,2024-04-03 10:00:00-04:00,1H,False,18310.0
2024-04-04,Thursday,False,,,False,18453.25
2024-04-05,Friday,True,2024-04-05 09:00:00-04:00,1H,False,18109.75
2024-04-08,Monday,True,2024-04-08 09:00:00-04:00,1H,True,18285.75
2024-04-09,Tuesday,True,2024-04-09 10:00:00-04:00,1H,True,18303.5
2024-04-10,Wednesday,False,,,False,18379.0
2024-04-11,Thursday,True,2024-04-11 10:00:00-04:00,1H,False,18199.0
2024-04-12,Friday,False,,,False,18488.25
2024-04-15,Monday,True,2024-04-15 10:00:00-04:00,1H,True,18231.0
2024-04-16,Tuesday,True,2024-04-16 09:00:00-04:00,1H,True,17847.0
2024-04-17,Wednesday,True,2024-04-17 09:00:00-04:00,1H,False,17929.5
2024-04-18,Thursday,True,2024-04-18 10:00:00-04:00,1H,True,17730.0
2024-04-19,Friday,True,2024-04-19 10:00:00-04:00,1H,True,17338.5
2024-04-22,Monday,True,2024-04-22 10:00:00-04:00,1H,True,17239.75
2024-04-23,Tuesday,False,,,False,17332.0
2024-04-24,Wednesday,True,2024-04-24 09:00:00-04:00,1H,True,17732.75
2024-04-25,Thursday,True,2024-04-25 12:00:00-04:00,1H,False,17460.0
2024-04-26,Friday,True,2024-04-26 09:00:00-04:00,1H,False,17769.5
2024-04-29,Monday,True,2024-04-29 09:00:00-04:00,1H,True,17901.25
2024-04-30,Tuesday,False,,,False,17910.75
2024-05-01,Wednesday,True,2024-05-01 09:00:00-04:00,1H,False,17526.75
2024-05-02,Thursday,True,2024-05-02 09:00:00-04:00,1H,True,17549.25
2024-05-03,Friday,False,,,False,17762.75
2024-05-06,Monday,False,,,False,18006.0
2024-05-07,Tuesday,True,2024-05-07 09:00:00-04:00,1H,False,18188.25
2024-05-08,Wednesday,True,2024-05-08 10:00:00-04:00,1H,True,18194.0
2024-05-09,Thursday,True,2024-05-09 09:00:00-04:00,1H,True,18159.25
2024-05-10,Friday,True,2024-05-10 10:00:00-04:00,1H,True,18217.0
2024-05-13,Monday,True,2024-05-13 09:00:00-04:00,1H,True,18278.0
2024-05-14,Tuesday,True,2024-05-14 09:00:00-04:00,1H,False,18266.0
2024-05-15,Wednesday,False,,,False,18423.5
2024-05-16,Thursday,True,2024-05-16 10:00:00-04:00,1H,True,18732.75
2024-05-17,Friday,True,2024-05-17 09:00:00-04:00,1H,True,18650.75
2024-05-20,Monday,True,2024-05-20 09:00:00-04:00,1H,False,18669.75
2024-05-21,Tuesday,True,2024-05-21 10:00:00-04:00,1H,True,18751.25
2024-05-22,Wednesday,True,2024-05-22 09:00:00-04:00,1H,True,18810.0
2024-05-23,Thursday,True,2024-05-23 09:00:00-04:00,1H,False,18962.5
2024-05-24,Friday,False,,,False,18711.25
2024-05-27,Monday,False,,,False,18850.75
2024-05-28,Tuesday,True,2024-05-28 09:00:00-04:00,1H,True,18927.25
2024-05-29,Wednesday,True,2024-05-29 10:00:00-04:00,1H,True,18886.75
2024-05-30,Thursday,True,2024-05-30 10:00:00-04:00,1H,True,18686.25
2024-05-31,Friday,True,2024-05-31 09:00:00-04:00,1H,False,18562.0
2024-06-03,Monday,True,2024-06-03 10:00:00-04:00,1H,False,18641.75
2024-06-04,Tuesday,True,2024-06-04 09:00:00-04:00,1H,False,18654.0
2024-06-05,Wednesday,False,,,False,18757.75
2024-06-06,Thursday,True,2024-06-06 09:00:00-04:00,1H,True,19099.5
2024-06-07,Friday,True,2024-06-07 10:00:00-04:00,1H,True,19082.5
2024-06-10,Monday,True,2024-06-10 10:00:00-04:00,1H,False,19043.25
2024-06-11,Tuesday,True,2024-06-11 09:00:00-04:00,1H,True,19091.0
2024-06-12,Wednesday,False,,,False,19266.75
2024-06-13,Thursday,True,2024-06-13 09:00:00-04:00,1H,True,19636.5
2024-06-14,Friday,True,2024-06-14 09:00:00-04:00,1H,True,19640.0
2024-06-17,Monday,True,2024-06-17 09:00:00-04:00,1H,True,19961.0
2024-06-18,Tuesday,True,2024-06-18 09:00:00-04:00,1H,True,20183.75
2024-06-19,Wednesday,True,2024-06-19 10:00:00-04:00,1H,True,20220.0
2024-06-20,Thursday,False,,,False,20290.0
2024-06-21,Friday,True,2024-06-21 09:00:00-04:00,1H,True,20053.75
2024-06-24,Monday,True,2024-06-24 09:00:00-04:00,1H,True,19963.25
2024-06-25,Tuesday,True,2024-06-25 09:00:00-04:00,1H,False,19794.0
2024-06-26,Wednesday,True,2024-06-26 09:00:00-04:00,1H,True,19990.5
2024-06-27,Thursday,False,,,False,19912.0
2024-06-28,Friday,True,2024-06-28 09:00:00-04:00,1H,True,20131.0
2024-07-01,Monday,True,2024-07-01 09:00:00-04:00,1H,False,19995.75
2024-07-02,Tuesday,True,2024-07-02 09:00:00-04:00,1H,False,19982.0
2024-07-03,Wednesday,True,2024-07-03 09:00:00-04:00,1H,False,20235.75
2024-07-04,Thursday,True,2024-07-04 09:00:00-04:00,1H,False,20404.0
2024-07-05,Friday,True,2024-07-05 09:00:00-04:00,1H,False,20414.0
2024-07-08,Monday,True,2024-07-08 09:00:00-04:00,1H,True,20597.25
2024-07-09,Tuesday,True,2024-07-09 09:00:00-04:00,1H,True,20734.25
2024-07-10,Wednesday,True,2024-07-10 11:00:00-04:00,1H,False,20709.5
2024-07-11,Thursday,True,2024-07-11 09:00:00-04:00,1H,False,20883.5
2024-07-12,Friday,True,2024-07-12 09:00:00-04:00,1H,False,20420.25
2024-07-15,Monday,True,2024-07-15 09:00:00-04:00,1H,False,20575.5
2024-07-16,Tuesday,True,2024-07-16 09:00:00-04:00,1H,False,20647.75
2024-07-17,Wednesday,False,,,False,20535.5
2024-07-18,Thursday,True,2024-07-18 09:00:00-04:00,1H,True,20051.25
2024-07-19,Friday,True,2024-07-19 09:00:00-04:00,1H,False,19956.0
2024-07-22,Monday,False,,,False,19778.0
2024-07-23,Tuesday,True,2024-07-23 09:00:00-04:00,1H,False,19933.25
2024-07-24,Wednesday,False,,,False,19798.75
2024-07-25,Thursday,True,2024-07-25 11:00:00-04:00,1H,False,19267.75
2024-07-26,Friday,True,2024-07-26 09:00:00-04:00,1H,True,19073.5
2024-07-29,Monday,True,2024-07-29 09:00:00-04:00,1H,True,19302.75
2024-07-30,Tuesday,True,2024-07-30 10:00:00-04:00,1H,False,19131.0
2024-07-31,Wednesday,False,,,False,19135.25
2024-08-01,Thursday,True,2024-08-01 09:00:00-04:00,1H,False,19684.5
2024-08-02,Friday,False,,,False,18790.5
2024-08-05,Monday,True,2024-08-05 10:00:00-04:00,1H,True,18025.75
2024-08-06,Tuesday,True,2024-08-06 12:00:00-04:00,1H,False,18392.5
2024-08-07,Wednesday,True,2024-08-07 11:00:00-04:00,1H,False,18387.5
2024-08-08,Thursday,False,,,False,18022.0
2024-08-09,Friday,True,2024-08-09 10:00:00-04:00,1H,True,18565.0
2024-08-12,Monday,True,2024-08-12 09:00:00-04:00,1H,True,18636.75
2024-08-13,Tuesday,False,,,False,18670.25
2024-08-14,Wednesday,True,2024-08-14 09:00:00-04:00,1H,True,19108.25
2024-08-15,Thursday,False,,,False,19215.0
2024-08-16,Friday,True,2024-08-16 12:00:00-04:00,1H,False,19633.75
2024-08-19,Monday,True,2024-08-19 09:00:00-04:00,1H,True,19646.25
2024-08-20,Tuesday,True,2024-08-20 09:00:00-04:00,1H,True,19875.75
2024-08-21,Wednesday,True,2024-08-21 09:00:00-04:00,1H,True,19832.5
2024-08-22,Thursday,True,2024-08-22 10:00:00-04:00,1H,True,19882.5
2024-08-23,Friday,True,2024-08-23 10:00:00-04:00,1H,True,19666.5
2024-08-26,Monday,True,2024-08-26 09:00:00-04:00,1H,False,19763.25
2024-08-27,Tuesday,True,2024-08-27 10:00:00-04:00,1H,True,19596.25
2024-08-28,Wednesday,True,2024-08-28 09:00:00-04:00,1H,False,19619.5
2024-08-29,Thursday,False,,,False,19275.75
2024-08-30,Friday,True,2024-08-30 11:00:00-04:00,1H,False,19453.25
2024-09-02,Monday,True,2024-09-02 10:00:00-04:00,1H,False,19589.25
2024-09-03,Tuesday,False,,,False,19561.75
2024-09-04,Wednesday,True,2024-09-04 09:00:00-04:00,1H,True,18881.75
2024-09-05,Thursday,True,2024-09-05 09:00:00-04:00,1H,True,18905.0
2024-09-06,Friday,True,2024-09-06 09:00:00-04:00,1H,False,18871.0
2024-09-09,Monday,True,2024-09-09 10:00:00-04:00,1H,True,18538.25
2024-09-10,Tuesday,True,2024-09-10 11:00:00-04:00,1H,False,18652.5
2024-09-11,Wednesday,True,2024-09-11 10:00:00-04:00,1H,True,18750.0
2024-09-12,Thursday,True,2024-09-12 10:00:00-04:00,1H,True,19308.0
2024-09-13,Friday,True,2024-09-13 09:00:00-04:00,1H,True,19451.5
2024-09-16,Monday,False,,,False,19532.0
2024-09-17,Tuesday,True,2024-09-17 12:00:00-04:00,1H,False,19647.25
2024-09-18,Wednesday,True,2024-09-18 09:00:00-04:00,1H,True,19687.0
2024-09-19,Thursday,False,,,False,19865.25
2024-09-20,Friday,True,2024-09-20 09:00:00-04:00,1H,False,20051.5
2024-09-23,Monday,False,,,False,20145.5
2024-09-24,Tuesday,True,2024-09-24 10:00:00-04:00,1H,False,20050.25
2024-09-25,Wednesday,True,2024-09-25 09:00:00-04:00,1H,False,20128.25
2024-09-26,Thursday,True,2024-09-26 10:00:00-04:00,1H,False,20364.25
2024-09-27,Friday,True,2024-09-27 09:00:00-04:00,1H,True,20320.75
2024-09-30,Monday,True,2024-09-30 09:00:00-04:00,1H,True,20219.75
2024-10-01,Tuesday,True,2024-10-01 09:00:00-04:00,1H,False,20284.25
2024-10-02,Wednesday,True,2024-10-02 09:00:00-04:00,1H,True,19985.25
2024-10-03,Thursday,True,2024-10-03 09:00:00-04:00,1H,True,19950.0
2024-10-04,Friday,True,2024-10-04 10:00:00-04:00,1H,False,20012.25
2024-10-07,Monday,False,,,False,20219.0
2024-10-08,Tuesday,False,,,False,19985.0
2024-10-09,Wednesday,True,2024-10-09 09:00:00-04:00,1H,False,20237.0
2024-10-10,Thursday,True,2024-10-10 11:00:00-04:00,1H,False,20470.0
2024-10-11,Friday,True,2024-10-11 10:00:00-04:00,1H,True,20456.0
2024-10-14,Monday,False,,,False,20408.0
2024-10-15,Tuesday,True,2024-10-15 09:00:00-04:00,1H,True,20633.5
2024-10-16,Wednesday,True,2024-10-16 09:00:00-04:00,1H,False,20387.75
2024-10-17,Thursday,False,,,False,20297.0
2024-10-18,Friday,False,,,False,20362.25
2024-10-21,Monday,True,2024-10-21 09:00:00-04:00,1H,True,20480.0
2024-10-22,Tuesday,True,2024-10-22 09:00:00-04:00,1H,True,20468.0
2024-10-23,Wednesday,False,,,False,20511.75
2024-10-24,Thursday,True,2024-10-24 09:00:00-04:00,1H,True,20320.0
2024-10-25,Friday,False,,,False,20375.25
2024-10-28,Monday,True,2024-10-28 09:00:00-04:00,1H,False,20612.5
2024-10-29,Tuesday,True,2024-10-29 09:00:00-04:00,1H,False,20461.25
2024-10-30,Wednesday,False,,,False,20728.5
2024-10-31,Thursday,False,,,False,20422.25
2024-11-01,Friday,True,2024-11-01 09:00:00-04:00,1H,False,20087.25
2024-11-04,Monday,True,2024-11-04 11:00:00-05:00,1H,False,20233.75
2024-11-05,Tuesday,False,,,False,20085.25
2024-11-06,Wednesday,False,,,False,20596.25
2024-11-07,Thursday,False,,,False,20922.0
2024-11-08,Friday,True,2024-11-08 09:00:00-05:00,1H,True,21224.75
2024-11-11,Monday,True,2024-11-11 09:00:00-05:00,1H,False,21287.5
2024-11-12,Tuesday,True,2024-11-12 09:00:00-05:00,1H,True,21222.5
2024-11-13,Wednesday,True,2024-11-13 09:00:00-05:00,1H,True,21140.25
2024-11-14,Thursday,True,2024-11-14 09:00:00-05:00,1H,True,21139.0
2024-11-15,Friday,False,,,False,20919.0
2024-11-18,Monday,True,2024-11-18 10:00:00-05:00,1H,True,20648.75
2024-11-19,Tuesday,True,2024-11-19 11:00:00-05:00,1H,False,20682.75
2024-11-20,Wednesday,True,2024-11-20 09:00:00-05:00,1H,False,20802.5
2024-11-21,Thursday,True,2024-11-21 09:00:00-05:00,1H,True,20677.25
2024-11-22,Friday,True,2024-11-22 09:00:00-05:00,1H,True,20809.75
2024-11-25,Monday,True,2024-11-25 09:00:00-05:00,1H,True,20965.25
2024-11-26,Tuesday,False,,,False,20901.0
2024-11-27,Wednesday,False,,,False,20966.75
2024-11-28,Thursday,True,2024-11-28 09:00:00-05:00,1H,False,20855.0
2024-11-29,Friday,True,2024-11-29 10:00:00-05:00,1H,False,20932.25
2024-12-02,Monday,False,,,False,20957.5
2024-12-03,Tuesday,True,2024-12-03 10:00:00-05:00,1H,True,21224.75
2024-12-04,Wednesday,False,,,False,21351.5
2024-12-05,Thursday,True,2024-12-05 09:00:00-05:00,1H,True,21510.75
2024-12-06,Friday,False,,,False,21472.5
2024-12-09,Monday,True,2024-12-09 09:00:00-05:00,1H,False,21639.0
2024-12-10,Tuesday,True,2024-12-10 11:00:00-05:00,1H,False,21468.25
2024-12-11,Wednesday,False,,,False,21431.0
2024-12-12,Thursday,False,,,False,21761.5
2024-12-13,Friday,True,2024-12-13 10:00:00-05:00,1H,True,21718.5
2024-12-16,Monday,False,,,False,21800.5
2024-12-17,Tuesday,False,,,False,22415.5
2024-12-18,Wednesday,True,2024-12-18 10:00:00-05:00,1H,False,22335.0
2024-12-19,Thursday,True,2024-12-19 10:00:00-05:00,1H,True,21484.5
2024-12-20,Friday,True,2024-12-20 09:00:00-05:00,1H,True,21247.75
2024-12-23,Monday,True,2024-12-23 11:00:00-05:00,1H,False,21705.75
2024-12-24,Tuesday,False,,,False,21751.0
2024-12-26,Thursday,False,,,False,22086.5
2024-12-27,Friday,False,,,False,21947.5
2024-12-30,Monday,False,,,False,21688.25
2024-12-31,Tuesday,True,2024-12-31 09:00:00-05:00,1H,True,21410.25
2025-01-02,Thursday,True,2025-01-02 09:00:00-05:00,1H,True,21324.75
2025-01-03,Friday,True,2025-01-03 09:00:00-05:00,1H,False,21225.0
2025-01-06,Monday,False,,,False,21523.25
2025-01-07,Tuesday,True,2025-01-07 09:00:00-05:00,1H,False,21720.25
2025-01-08,Wednesday,True,2025-01-08 09:00:00-05:00,1H,True,21393.75
2025-01-09,Thursday,True,2025-01-09 09:00:00-05:00,1H,False,21310.25
2025-01-10,Friday,False,,,False,21302.75
2025-01-13,Monday,True,2025-01-13 12:00:00-05:00,1H,False,20897.5
2025-01-14,Tuesday,True,2025-01-14 09:00:00-05:00,1H,True,21043.75
2025-01-15,Wednesday,False,,,False,20944.5
2025-01-16,Thursday,True,2025-01-16 09:00:00-05:00,1H,True,21390.0
2025-01-17,Friday,False,,,False,21289.5
2025-01-20,Monday,False,,,False,21565.0
2025-01-21,Tuesday,True,2025-01-21 09:00:00-05:00,1H,True,21607.75
2025-01-22,Wednesday,False,,,False,21869.0
2025-01-23,Thursday,True,2025-01-23 11:00:00-05:00,1H,False,21963.5
2025-01-24,Friday,True,2025-01-24 09:00:00-05:00,1H,True,21995.25
2025-01-27,Monday,False,,,False,21497.25
2025-01-28,Tuesday,True,2025-01-28 09:00:00-05:00,1H,True,21300.75
2025-01-29,Wednesday,True,2025-01-29 09:00:00-05:00,1H,False,21597.0
2025-01-30,Thursday,True,2025-01-30 09:00:00-05:00,1H,True,21660.0
2025-01-31,Friday,False,,,False,21730.75
2025-02-03,Monday,False,,,False,21019.0
2025-02-04,Tuesday,True,2025-02-04 09:00:00-05:00,1H,False,21449.25
2025-02-05,Wednesday,True,2025-02-05 09:00:00-05:00,1H,True,21561.75
2025-02-06,Thursday,True,2025-02-06 09:00:00-05:00,1H,True,21804.5
2025-02-07,Friday,True,2025-02-07 09:00:00-05:00,1H,True,21857.0
2025-02-10,Monday,False,,,False,21685.0
2025-02-11,Tuesday,True,2025-02-11 09:00:00-05:00,1H,True,21784.25
2025-02-12,Wednesday,True,2025-02-12 10:00:00-05:00,1H,True,21782.75
2025-02-13,Thursday,True,2025-02-13 09:00:00-05:00,1H,True,21906.75
2025-02-14,Friday,True,2025-02-14 09:00:00-05:00,1H,True,22142.25
2025-02-17,Monday,False,,,False,22276.0
2025-02-18,Tuesday,True,2025-02-18 09:00:00-05:00,1H,False,22268.5
2025-02-19,Wednesday,False,,,False,22267.75
2025-02-20,Thursday,True,2025-02-20 09:00:00-05:00,1H,False,22176.5
2025-02-21,Friday,True,2025-02-21 09:00:00-05:00,1H,False,22124.25
2025-02-24,Monday,True,2025-02-24 09:00:00-05:00,1H,False,21776.0
2025-02-25,Tuesday,False,,,False,21424.25
2025-02-26,Wednesday,True,2025-02-26 09:00:00-05:00,1H,False,21252.25
2025-02-27,Thursday,True,2025-02-27 09:00:00-05:00,1H,False,21171.25
2025-02-28,Friday,True,2025-02-28 09:00:00-05:00,1H,True,20616.75
2025-03-03,Monday,True,2025-03-03 09:00:00-05:00,1H,True,20951.5
2025-03-04,Tuesday,False,,,False,20530.25
2025-03-05,Wednesday,True,2025-03-05 12:00:00-05:00,1H,False,20537.75
2025-03-06,Thursday,False,,,False,20637.5
2025-03-07,Friday,True,2025-03-07 09:00:00-05:00,1H,False,20184.25
2025-03-10,Monday,False,,,False,20125.75
2025-03-11,Tuesday,True,2025-03-11 09:00:00-04:00,1H,True,19434.75
2025-03-12,Wednesday,True,2025-03-12 11:00:00-04:00,1H,False,19451.25
2025-03-13,Thursday,True,2025-03-13 09:00:00-04:00,1H,True,19518.5
2025-03-14,Friday,True,2025-03-14 09:00:00-04:00,1H,True,19449.0
2025-03-17,Monday,False,,,False,19584.5
2025-03-18,Tuesday,False,,,False,19940.25
2025-03-19,Wednesday,True,2025-03-19 09:00:00-04:00,1H,False,19762.75
2025-03-20,Thursday,True,2025-03-20 10:00:00-04:00,1H,False,20083.5
2025-03-21,Friday,True,2025-03-21 12:00:00-04:00,1H,False,19874.0
2025-03-24,Monday,False,,,False,20104.0
2025-03-25,Tuesday,False,,,False,20338.75
2025-03-26,Wednesday,True,2025-03-26 09:00:00-04:00,1H,False,20479.75
2025-03-27,Thursday,True,2025-03-27 10:00:00-04:00,1H,True,20134.5
2025-03-28,Friday,False,,,False,19988.75
2025-03-31,Monday,True,2025-03-31 09:00:00-04:00,1H,True,19199.75
2025-04-01,Tuesday,True,2025-04-01 09:00:00-04:00,1H,True,19360.5
2025-04-02,Wednesday,True,2025-04-02 09:00:00-04:00,1H,True,19567.75
2025-04-03,Thursday,False,,,False,19105.0
2025-04-04,Friday,False,,,False,18561.25
2025-04-07,Monday,True,2025-04-07 09:00:00-04:00,1H,False,16809.25
2025-04-08,Tuesday,True,2025-04-08 12:00:00-04:00,1H,False,17773.0
2025-04-09,Wednesday,False,,,False,16930.25
2025-04-10,Thursday,False,,,False,19014.5
2025-04-11,Friday,True,2025-04-11 09:00:00-04:00,1H,True,18479.25
2025-04-14,Monday,True,2025-04-14 09:00:00-04:00,1H,True,19058.5
2025-04-15,Tuesday,True,2025-04-15 10:00:00-04:00,1H,False,18915.25
2025-04-16,Wednesday,True,2025-04-16 09:00:00-04:00,1H,True,18673.5
2025-04-17,Thursday,True,2025-04-17 09:00:00-04:00,1H,False,18534.25
2025-04-21,Monday,False,,,False,18221.0
2025-04-22,Tuesday,False,,,False,17981.0
2025-04-23,Wednesday,False,,,False,18702.75
2025-04-24,Thursday,False,,,False,18756.75
2025-04-25,Friday,True,2025-04-25 12:00:00-04:00,1H,False,19447.0
2025-04-28,Monday,True,2025-04-28 11:00:00-04:00,1H,False,19403.25
2025-04-29,Tuesday,True,2025-04-29 10:00:00-04:00,1H,True,19574.0
2025-04-30,Wednesday,False,,,False,19522.75
2025-05-01,Thursday,True,2025-05-01 09:00:00-04:00,1H,True,19958.25
2025-05-02,Friday,False,,,False,19978.25
2025-05-05,Monday,True,2025-05-05 09:00:00-04:00,1H,True,20056.5
2025-05-06,Tuesday,True,2025-05-06 12:00:00-04:00,1H,False,19987.25
2025-05-07,Wednesday,False,,,False,20002.0
2025-05-08,Thursday,True,2025-05-08 09:00:00-04:00,1H,True,20164.75
2025-05-09,Friday,True,2025-05-09 10:00:00-04:00,1H,False,20185.5
